{"sidebar-1":{"text-2":{"title":"About Us","text":"<img src=\"http:\/\/www.anarieldesign.com\/themedemos\/liberlite\/wp-content\/uploads\/2017\/06\/third_featured_page.jpg\" alt=\"About Us.\">\r\n\r\nMalesuada nibh montes fusce cum eleifend fringilla commodo mattis tempor platea montes. Malesuada nibh montes fusce cum eleifend. Malesuada nibh montes fusce cum eleifend fringilla commodo mattis tempor platea montes.\r\n\r\n<img src=\"http:\/\/www.anarieldesign.com\/themedemos\/liberlite\/wp-content\/uploads\/2017\/06\/logo10-1.jpg\" class=\"aligncenter\" alt=\"\" itemprop=\"logo\">\r\n","filter":"content"},"mc4wp_form_widget-2":{"title":"Subscribe to blog via email"},"recent-posts-1":{"title":"","number":5,"show_date":true,"conditions":{"action":"hide","match_all":"0","rules":[{"major":"taxonomy","minor":"product_cat","has_children":false}]}},"media_video-3":{"attachment_id":0,"url":"https:\/\/www.youtube.com\/watch?v=z2ctwOTHQYo","title":"Stop and Think","preload":"metadata","content":"","mp4":"","m4v":"","webm":"","ogv":"","flv":"","loop":false,"conditions":{"action":"hide","match_all":"0","rules":[{"major":"taxonomy","minor":"product_cat","has_children":false},{"major":"page","minor":"23","has_children":false}]}}},"sidebar-2":{"text-3":{"title":"About Us","text":"<img width=\"140\" height=\"85\" src=\"http:\/\/www.anarieldesign.com\/themedemos\/liberlite\/wp-content\/uploads\/2017\/06\/logo10-1.jpg\" class=\"custom-logo\" alt=\"\" itemprop=\"logo\">\r\n\r\nCras sodales luctus arcu, ac placerat nunc sagittis a. In at turpis ac nibh luctus sagittis in ut est.\r\n\r\n<strong>Address:<\/strong> Zeko Street, Seville\r\n\r\n<strong>Phone:<\/strong> 80808 8978 870\r\n\r\n<strong>Email: <span class=\"color\">info@example.com<\/span><\/strong>\r\n\r\n<strong>Website: <a href=\"http:\/\/www.example.com\/\">example.com<\/a><\/strong>","filter":true}},"sidebar-3":{"mc4wp_form_widget-3":{"title":"Subscribe to blog via email"}},"sidebar-4":{"recent-posts-2":{"title":"","number":5,"show_date":true}},"give-forms-sidebar":{"blog_subscription-3":{"title":"Subscribe to Blog via Email","subscribe_text":"Enter your email address to subscribe to this blog and receive notifications of new posts by email.","subscribe_placeholder":"Email Address","subscribe_button":"Subscribe","success_message":"Success! An email was just sent to confirm your subscription. Please find the email now and click 'Confirm Follow' to start subscribing.","show_subscribers_total":true},"media_video-2":{"attachment_id":0,"url":"https:\/\/www.youtube.com\/watch?v=z2ctwOTHQYo","title":"Stop and think","preload":"metadata","content":"","mp4":"","m4v":"","webm":"","ogv":"","flv":"","loop":false}}}